{"Name": "urumqi_PM25_d01", "TemporalRange": "daily", "Values": [{"VarName": "MEAN_CONC_DAILY", "VarDescription": " Mean Concentration of PM25", "VarUnits": null, "ColorType": "Red", "MinMaxValue": [{"Time": 20200202, "MinValue": 0.014531743712723255, "MaxValue": 56.339393615722656}, {"Time": 20200203, "MinValue": 0.05600881576538086, "MaxValue": 109.61483001708984}]}], "Width": 153, "Height": 153, "LatMin": 23.08100128173828, "LatMax": 62.018463134765625, "LonMin": 51.85296630859375, "LonMax": 122.55767822265625, "TimeMax": 20200204, "TimeMin": 20200202}
