{
  "width": 548,
  "height": 336,
  "min": 253.9037,
  "max": 311.4824,
  "la1": 55.9164962768555,
  "lo1": 64.28564453125,
  "dx": 0.18143925353558393,
  "dy": 0.13296865281604583
}
