{
  "width": 548,
  "height": 336,
  "minU10": -8.689033,
  "maxU10": 14.86747,
  "minV10": -11.66144,
  "maxV10": 12.3071,
  "la1": 55.9164962768555,
  "lo1": 64.28564453125,
  "dx": 0.18143925353558393,
  "dy": 0.13296865281604583
}
